编号,登场时间,星级,角色,所属活动,属性,歌唱力,表现力,集中力,总演技力,歌唱占比,表现占比,集中占比,Star Act得分,Star Act光需求,Sense,Sense光,Sense CT,四花效果
110010, 2022年12月31日23时, Rare1, 鳳ここな, シリウス, 彩, 3688, 4515, 4197, 12400, 29.742, 36.411, 33.847, 総演技力の1.2～2.2倍のスコアを獲得, 红1、黄1、蓝1, 2.1～2.9倍のスコアを獲得, 1蓝光, 30/29, 基礎スコアが1％上昇
110020, 2022年12月31日23时, Rare1, 静香, シリウス, 凛, 4792, 4209, 3626, 12627, 37.950, 33.333, 28.716, 総演技力の0.8～1.3倍のスコアを獲得, 蓝2, ここな編成時、ここなが代わりにセンスを発動し、ここなのスコア獲得量4～6％UP, 无, 0, 无
110030, 2022年12月31日23时, Rare1, カトリナ・グリーベル, シリウス, 阳, 4388, 4134, 3879, 12401, 35.384, 33.336, 31.280, 総演技力の1.2～2.2倍のスコアを獲得, 黄2、蓝1, 2.1～2.9倍のスコアを獲得, 1黄光, 30/29, 基礎スコアが1％上昇
110040, 2022年12月31日23时, Rare1, 新妻八恵, シリウス, 彩, 3943, 4197, 4261, 12401, 31.796, 33.844, 34.360, 総演技力の1.2～2.2倍のスコアを獲得, 红2、黄1, 2.1～2.9倍のスコアを獲得, 1红光, 30/29, 基礎スコアが1％上昇
110050, 2022年12月31日23时, Rare1, 柳場ぱんだ, シリウス, 阳, 4006, 4197, 4197, 12400, 32.306, 33.847, 33.847, 総演技力の1.2～2.2倍のスコアを獲得, 黄2、蓝1, 2.1～2.9倍のスコアを獲得, 1黄光, 30/29, 基礎スコアが1％上昇
110060, 2022年12月31日23时, Rare1, 流石知冴, シリウス, 怜, 4197, 3943, 4261, 12401, 33.844, 31.796, 34.360, 総演技力の1.2～2.2倍のスコアを獲得, 绿1、蓝2, 2.1～2.9倍のスコアを獲得, 1蓝光, 30/29, 基礎スコアが1％上昇
110070, 2022年12月31日23时, Rare1, 連尺野初魅, Eden, 凛, 3879, 3752, 4770, 12401, 31.280, 30.256, 38.465, 総演技力の1.2～2.2倍のスコアを獲得, 绿2、红1, 2.1～2.9倍のスコアを獲得, 1绿光, 30/29, 基礎スコアが1％上昇
110080, 2022年12月31日23时, Rare1, 烏森大黒, Eden, 彩, 4070, 5151, 3180, 12401, 32.820, 41.537, 25.643, 総演技力の1.2～2.2倍のスコアを獲得, 黄2、蓝1, 2.1～2.9倍のスコアを獲得, 1黄光, 30/29, 基礎スコアが1％上昇
110090, 2022年12月31日23时, Rare1, 舎人仁花子, Eden, 阳, 3434, 4324, 4642, 12400, 27.694, 34.871, 37.435, 総演技力の1.2～2.2倍のスコアを獲得, 红2、黄1, 2.1～2.9倍のスコアを獲得, 1红光, 30/29, 基礎スコアが1％上昇
110100, 2022年12月31日23时, Rare1, 萬容, Eden, 阳, 4261, 4261, 3879, 12401, 34.360, 34.360, 31.280, 総演技力の1.2～2.2倍のスコアを獲得, 绿1、蓝2, 2.1～2.9倍のスコアを獲得, 1蓝光, 30/29, 基礎スコアが1％上昇
110110, 2022年12月31日23时, Rare1, 筆島しぐれ, Eden, 怜, 4197, 3688, 4515, 12400, 33.847, 29.742, 36.411, 総演技力の1.2～2.2倍のスコアを獲得, 红2、黄1, 2.1～2.9倍のスコアを獲得, 1红光, 30/29, 基礎スコアが1％上昇
110120, 2022年12月31日23时, Rare1, 千寿暦, 銀河座, 凛, 3625, 4515, 4261, 12401, 29.232, 36.408, 34.360, 総演技力の1.2～2.2倍のスコアを獲得, 绿1、蓝2, 2.1～2.9倍のスコアを獲得, 1蓝光, 30/29, 基礎スコアが1％上昇
110130, 2022年12月31日23时, Rare1, ラモーナ・ウォルフ, 銀河座, 凛, 4452, 3625, 4324, 12401, 35.900, 29.232, 34.868, 総演技力の1.2～2.2倍のスコアを獲得, 绿2、红1, 2.1～2.9倍のスコアを獲得, 1绿光, 30/29, 基礎スコアが1％上昇
110140, 2022年12月31日23时, Rare1, 王雪, 銀河座, 怜, 4960, 4134, 3307, 12401, 39.997, 33.336, 26.667, 総演技力の1.2～2.2倍のスコアを獲得, 黄2、蓝1, 2.1～2.9倍のスコアを獲得, 1黄光, 30/29, 基礎スコアが1％上昇
110150, 2022年12月31日23时, Rare1, リリヤ・クルトベイ, 銀河座, 彩, 3561, 4134, 4706, 12401, 28.715, 33.336, 37.949, 総演技力の1.2～2.2倍のスコアを獲得, 红2、黄1, 2.1～2.9倍のスコアを獲得, 1红光, 30/29, 基礎スコアが1％上昇
110160, 2022年12月31日23时, Rare1, 与那国緋花里, 銀河座, 阳, 4579, 3752, 4070, 12401, 36.924, 30.256, 32.820, 総演技力の1.2～2.2倍のスコアを獲得, 黄2、蓝1, 2.1～2.9倍のスコアを獲得, 1黄光, 30/29, 基礎スコアが1％上昇
110170, 2022年12月31日23时, Rare1, 千寿いろは, 劇団電姫, 怜, 5990, 5342, 4452, 15784, 37.950, 33.844, 28.206, 総演技力の1.6～3.1倍のスコアを獲得, 绿1、红1、黄1、蓝1, 効果無し（所持している「光」は維持される）, 无, 0, 无
110180, 2022年12月31日23时, Rare1, 白丸美兎, 劇団電姫, 彩, 4070, 4006, 4324, 12400, 32.823, 32.306, 34.871, 総演技力の1.2～2.2倍のスコアを獲得, 黄2、蓝1, 2.1～2.9倍のスコアを獲得, 1黄光, 30/29, 基礎スコアが1％上昇
110190, 2022年12月31日23时, Rare1, 阿岐留カミラ, 劇団電姫, 阳, 3561, 4324, 4515, 12400, 28.718, 34.871, 36.411, 総演技力の1.2～2.2倍のスコアを獲得, 绿2、红1, 2.1～2.9倍のスコアを獲得, 1绿光, 30/29, 基礎スコアが1％上昇
110200, 2022年12月31日23时, Rare1, 猫足蕾, 劇団電姫, 凛, 4197, 4770, 3434, 12401, 33.844, 38.465, 27.691, 総演技力の1.2～2.2倍のスコアを獲得, 绿1、蓝2, 2.1～2.9倍のスコアを獲得, 1蓝光, 30/29, 基礎スコアが1％上昇
110210, 2022年12月31日23时, Rare1, 本巣叶羽, 劇団電姫, 怜, 4642, 3052, 4706, 12400, 37.435, 24.613, 37.952, 総演技力の1.2～2.2倍のスコアを獲得, 红2、黄1, 2.1～2.9倍のスコアを獲得, 1红光, 30/29, 基礎スコアが1％上昇
120010, 2022年12月31日23时, Rare2, 鳳ここな, 夢見る少女, 凛, 4787, 5518, 5651, 15956, 30.001, 34.583, 35.416, 総演技力の2.2～3.2倍のスコアを獲得, 红1、黄1、蓝1, 1.6～2.8倍のスコアを獲得／25秒間、シリウスのアクターにセンススコア15～24％UP効果, 1蓝光, 50/48, 初期ライフが40上昇
120020, 2022年12月31日23时, Rare2, 静香, シリウスのツッコミ, 彩, 6140, 5662, 4571, 16373, 37.501, 34.581, 27.918, 総演技力の1.4～1.9倍のスコアを獲得, 蓝2, ここな編成時、ここなが代わりにセンスを発動し、ここなのスコア獲得量10～16％UP, 无, 0, 无
120030, 2022年12月31日23时, Rare2, カトリナ・グリーベル, ワールドダイスターの愛娘, 怜, 6050, 5186, 4721, 15957, 37.914, 32.500, 29.586, 総演技力の2.2～3.2倍のスコアを獲得, 黄2、蓝1, 1.2～2.4倍のスコアを獲得／50のプリンシパルゲージを獲得, 1黄光, 50/48, 初期プリンシパルゲージが20上昇
120040, 2022年12月31日23时, Rare2, 新妻八恵, 天使系小学生, 阳, 4920, 5119, 5917, 15956, 30.835, 32.082, 37.083, 総演技力の2.2～3.2倍のスコアを獲得, 红2、黄1, 3.3～4.5倍のスコアを獲得, 1红光, 40/38, 基礎スコアが2％上昇
120050, 2022年12月31日23时, Rare2, 柳場ぱんだ, 腹黒計算ガール, 怜, 5651, 5252, 5053, 15956, 35.416, 32.916, 31.668, 総演技力の2.2～3.2倍のスコアを獲得, 黄2、蓝1, 0.6～1.8倍のスコアを獲得／40のプリンシパルゲージを獲得, 1黄光, 30/28, 初期プリンシパルゲージが20上昇
120060, 2022年12月31日23时, Rare2, 流石知冴, シリウスの秘密兵器, 彩, 5119, 5518, 5319, 15956, 32.082, 34.583, 33.335, 総演技力の2.2～3.2倍のスコアを獲得, 绿1、蓝2, 1.2～2.4倍のスコアを獲得／ライフを150～230回復, 1蓝光, 40/38, 初期ライフが40上昇
120070, 2022年12月31日23时, Rare2, 連尺野初魅, 覇道の天才, 彩, 5119, 5119, 5718, 15956, 32.082, 32.082, 35.836, 総演技力の2.2～3.2倍のスコアを獲得, 绿2、红1, 1.6～2.8倍のスコアを獲得／25秒間、Edenのアクターにセンススコア15～24％UP効果, 1绿光, 50/48, 初期ライフが40上昇
120080, 2022年12月31日23时, Rare2, 烏森大黒, 愛憎まみれる乙女, 阳, 5053, 6117, 4787, 15957, 31.666, 38.334, 29.999, 総演技力の2.2～3.2倍のスコアを獲得, 黄2、蓝1, 1.5～3.1倍のスコアを獲得／ライフを150～230回復, 1黄光, 60/58, 初期ライフが40上昇
120090, 2022年12月31日23时, Rare2, 舎人仁花子, 純真無垢な少女, 怜, 5053, 5385, 5518, 15956, 31.668, 33.749, 34.583, 総演技力の2.2～3.2倍のスコアを獲得, 红2、黄1, 0.9～2.1倍のスコアを獲得／50のプリンシパルゲージを獲得, 1红光, 40/38, 初期プリンシパルゲージが20上昇
120100, 2022年12月31日23时, Rare2, 萬容, 下町のアイドル, 怜, 5917, 5319, 4721, 15957, 37.081, 33.333, 29.586, 総演技力の2.2～3.2倍のスコアを獲得, 绿1、蓝2, 1.2～2.4倍のスコアを獲得／50のプリンシパルゲージを獲得, 1蓝光, 50/48, 初期プリンシパルゲージが20上昇
120110, 2022年12月31日23时, Rare2, 筆島しぐれ, 小悪魔系小学生, 凛, 5053, 5053, 5851, 15957, 31.666, 31.666, 36.667, 総演技力の2.2～3.2倍のスコアを獲得, 红2、黄1, 3.3～4.5倍のスコアを獲得, 1红光, 40/38, 基礎スコアが2％上昇
120120, 2022年12月31日23时, Rare2, 千寿暦, 名家の姉, 彩, 4853, 5917, 5186, 15956, 30.415, 37.083, 32.502, 総演技力の2.2～3.2倍のスコアを獲得, 绿1、蓝2, 1.6～2.8倍のスコアを獲得／25秒間、銀河座のアクターにセンススコア15～24％UP効果, 1蓝光, 50/48, 初期ライフが40上昇
120130, 2022年12月31日23时, Rare2, ラモーナ・ウォルフ, 世話好き優等生, 彩, 5718, 4986, 5252, 15956, 35.836, 31.248, 32.916, 総演技力の2.2～3.2倍のスコアを獲得, 绿2、红1, 0.6～1.8倍のスコアを獲得／40のプリンシパルゲージを獲得, 1绿光, 30/28, 初期プリンシパルゲージが20上昇
120140, 2022年12月31日23时, Rare2, 王雪, 勝気な倹約家, 凛, 5851, 5518, 4588, 15957, 36.667, 34.580, 28.752, 総演技力の2.2～3.2倍のスコアを獲得, 黄2、蓝1, 1.5～3.1倍のスコアを獲得／ライフを150～230回復, 1黄光, 60/58, 初期ライフが40上昇
120150, 2022年12月31日23时, Rare2, リリヤ・クルトベイ, 白銀の美少女, 阳, 4521, 5053, 6383, 15957, 28.332, 31.666, 40.001, 総演技力の2.2～3.2倍のスコアを獲得, 红2、黄1, 3.3～4.5倍のスコアを獲得, 1红光, 40/38, 基礎スコアが2％上昇
120160, 2022年12月31日23时, Rare2, 与那国緋花里, 元気いっぱいダンサー, 怜, 6250, 4787, 4920, 15957, 39.168, 29.999, 30.833, 総演技力の2.2～3.2倍のスコアを獲得, 黄2、蓝1, 1.5～3.1倍のスコアを獲得／ライフを150～230回復, 1黄光, 60/58, 初期ライフが40上昇
120170, 2022年12月31日23时, Rare2, 千寿いろは, オタクでお嬢様, 凛, 7771, 7771, 6660, 22202, 35.001, 35.001, 29.997, 総演技力の3～4.5倍のスコアを獲得, 绿1、红1、黄1、蓝1, 効果無し（所持している「光」は維持される）, 无, 0, 无
120180, 2022年12月31日23时, Rare2, 白丸美兎, 内気な孝行娘, 阳, 5053, 4920, 5984, 15957, 31.666, 30.833, 37.501, 総演技力の2.2～3.2倍のスコアを獲得, 黄2、蓝1, 1.6～2.8倍のスコアを獲得／25秒間、劇団電姫のアクターにセンススコア15～24％UP効果, 1黄光, 50/48, 初期ライフが40上昇
120190, 2022年12月31日23时, Rare2, 阿岐留カミラ, 悟り系ギャル, 怜, 5186, 5385, 5385, 15956, 32.502, 33.749, 33.749, 総演技力の2.2～3.2倍のスコアを獲得, 绿2、红1, 0.6～1.8倍のスコアを獲得／40のプリンシパルゲージを獲得, 1绿光, 30/28, 初期プリンシパルゲージが20上昇
120200, 2022年12月31日23时, Rare2, 猫足蕾, 電姫の占い師, 彩, 5452, 6183, 4322, 15957, 34.167, 38.748, 27.085, 総演技力の2.2～3.2倍のスコアを獲得, 绿1、蓝2, 2.6～3.8倍のスコアを獲得, 1蓝光, 30/28, 基礎スコアが2％上昇
120210, 2022年12月31日23时, Rare2, 本巣叶羽, ぐーたら好きの天才子役, 凛, 5518, 4388, 6050, 15956, 34.583, 27.501, 37.917, 総演技力の2.2～3.2倍のスコアを獲得, 红2、黄1, 3.3～4.5倍のスコアを獲得, 1红光, 40/38, 基礎スコアが2％上昇
130010, 2022年12月31日23时, Rare3, 鳳ここな, 役者としての成長, 阳, 6389, 7291, 7742, 21422, 29.824, 34.035, 36.140, 総演技力の4.7～7.2倍のスコアを獲得, 红1、黄1、蓝3/2, 1.4～3倍のスコアを獲得／25秒間、シリウスのアクターにセンススコア21～33％UP効果, 1蓝光, 40/37, 初期ライフが60上昇
130020, 2022年12月31日23时, Rare3, 静香, 一番風呂のために, 阳, 7902, 7283, 6895, 22080, 35.788, 32.985, 31.227, 総演技力の4.7～7.2倍のスコアを獲得, 红1、黄1、蓝2/1, ここな編成時、ここなが代わりにセンスを発動し、ここなのスコア獲得量14～22％UP, 无, 0, 无
130030, 2022年12月31日23时, Rare3, カトリナ・グリーベル, 砕けたガラスは……, 凛, 7591, 7215, 6614, 21420, 35.439, 33.683, 30.878, 総演技力の4.7～7.2倍のスコアを獲得, 绿1、黄3/2、蓝1, 1.1～2.7倍のスコアを獲得／70のプリンシパルゲージを獲得, 1黄光, 40/37, 初期プリンシパルゲージが30上昇
130040, 2022年12月31日23时, Rare3, 新妻八恵, 思い出に花を咲かせて, 阳, 6689, 6915, 7817, 21421, 31.226, 32.281, 36.492, 総演技力の4.7～7.2倍のスコアを獲得, 红3/2、黄1、蓝1, 4.9～6.5倍のスコアを獲得, 1红光, 50/47, 基礎スコアが3％上昇
130050, 2022年12月31日23时, Rare3, 柳場ぱんだ, トレンドは生活風景, 凛, 7140, 7291, 6990, 21421, 33.332, 34.037, 32.632, 総演技力の4.7～7.2倍のスコアを獲得, 绿1、黄3/2、蓝1, 1.9～3.5倍のスコアを獲得／ライフを200～320回復, 1黄光, 50/47, 初期ライフが60上昇
130060, 2022年12月31日23时, Rare3, 流石知冴, 見てしまった……, 彩, 6915, 7366, 7140, 21421, 32.281, 34.387, 33.332, 総演技力の4.7～7.2倍のスコアを獲得, 绿1、红1、蓝3/2, 1.1～2.7倍のスコアを獲得／70のプリンシパルゲージを獲得, 1蓝光, 40/37, 初期プリンシパルゲージが30上昇
130070, 2022年12月31日23时, Rare3, 連尺野初魅, 新たな日常, 阳, 6689, 6614, 8117, 21420, 31.228, 30.878, 37.894, 総演技力の4.7～7.2倍のスコアを獲得, 绿3/2、红1、黄1, 1.9～3.5倍のスコアを獲得／25秒間、Edenのアクターにセンススコア21～33％UP効果, 1绿光, 50/47, 初期ライフが60上昇
130080, 2022年12月31日23时, Rare3, 烏森大黒, 恨みをつづって, 怜, 7366, 7892, 6163, 21421, 34.387, 36.842, 28.771, 総演技力の4.7～7.2倍のスコアを獲得, 绿1、黄3/2、蓝1, 1.9～3.5倍のスコアを獲得／ライフを200～320回復, 1黄光, 50/47, 初期ライフが60上昇
130090, 2022年12月31日23时, Rare3, 舎人仁花子, 都会ってすごい！, 彩, 6539, 7666, 7215, 21420, 30.528, 35.789, 33.683, 総演技力の4.7～7.2倍のスコアを獲得, 红3/2、黄1、蓝1, 1.1～2.7倍のスコアを獲得／70のプリンシパルゲージを獲得, 1红光, 40/37, 初期プリンシパルゲージが30上昇
130100, 2022年12月31日23时, Rare3, 萬容, ここいらでひとつ、大勝負, 凛, 7441, 7366, 6614, 21421, 34.737, 34.387, 30.876, 総演技力の4.7～7.2倍のスコアを獲得, 绿1、红1、蓝3/2, 3.6～4.8倍のスコアを獲得, 1蓝光, 30/27, 基礎スコアが3％上昇
130110, 2022年12月31日23时, Rare3, 筆島しぐれ, 体育なんて滅びちゃえ！, 怜, 7215, 6614, 7591, 21420, 33.683, 30.878, 35.439, 総演技力の4.7～7.2倍のスコアを獲得, 红3/2、黄1、蓝1, 4.1～5.7倍のスコアを獲得, 1红光, 40/37, 基礎スコアが3％上昇
130120, 2022年12月31日23时, Rare3, 千寿暦, お嬢様のオフタイム, 阳, 6389, 7516, 7516, 21421, 29.826, 35.087, 35.087, 総演技力の4.7～7.2倍のスコアを獲得, 绿1、红1、蓝3/2, 1.4～3倍のスコアを獲得／25秒間、銀河座のアクターにセンススコア21～33％UP効果, 1蓝光, 40/37, 初期ライフが60上昇
130130, 2022年12月31日23时, Rare3, ラモーナ・ウォルフ, 世話焼きは果てしなく, 凛, 7516, 6539, 7366, 21421, 35.087, 30.526, 34.387, 総演技力の4.7～7.2倍のスコアを獲得, 绿3/2、红1、黄1, 4.1～5.7倍のスコアを獲得, 1绿光, 40/37, 基礎スコアが3％上昇
130140, 2022年12月31日23时, Rare3, 王雪, あるのは勝ちだけ, 彩, 7817, 7591, 6013, 21421, 36.492, 35.437, 28.071, 総演技力の4.7～7.2倍のスコアを獲得, 绿1、黄3/2、蓝1, 1.4～2.6倍のスコアを獲得／ライフを200～320回復, 1黄光, 30/27, 初期ライフが60上昇
130150, 2022年12月31日23时, Rare3, リリヤ・クルトベイ, 自然な一日, 怜, 6764, 6689, 7967, 21420, 31.578, 31.228, 37.194, 総演技力の4.7～7.2倍のスコアを獲得, 红3/2、黄1、蓝1, 5.2～7.2倍のスコアを獲得, 1红光, 60/57, 基礎スコアが3％上昇
130160, 2022年12月31日23时, Rare3, 与那国緋花里, 踊ればなんくるない！, 凛, 7817, 6764, 6840, 21421, 36.492, 31.576, 31.931, 総演技力の4.7～7.2倍のスコアを獲得, 绿1、黄3/2、蓝1, 1.4～3倍のスコアを獲得／80のプリンシパルゲージを獲得, 1黄光, 50/47, 初期プリンシパルゲージが30上昇
130170, 2022年12月31日23时, Rare3, 千寿いろは, 来ちゃいました！, 彩, 10060, 10261, 8350, 28671, 35.088, 35.789, 29.124, 総演技力の6～9倍のスコアを獲得, 绿4/3、红1、黄1, 効果無し（所持している「光」は維持される）, 无, 0, 无
130180, 2022年12月31日23时, Rare3, 白丸美兎, まさかのお客様, 怜, 7366, 6539, 7516, 21421, 34.387, 30.526, 35.087, 総演技力の4.7～7.2倍のスコアを獲得, 绿1、黄3/2、蓝1, 1.4～3倍のスコアを獲得／25秒間、劇団電姫のアクターにセンススコア21～33％UP効果, 1黄光, 40/37, 初期ライフが60上昇
130190, 2022年12月31日23时, Rare3, 阿岐留カミラ, 新作お菓子レビュー, 凛, 6614, 7441, 7366, 21421, 30.876, 34.737, 34.387, 総演技力の4.7～7.2倍のスコアを獲得, 绿3/2、红1、黄1, 1.4～3倍のスコアを獲得／ライフを200～320回復, 1绿光, 40/37, 初期ライフが60上昇
130200, 2022年12月31日23时, Rare3, 猫足蕾, 悪鬼退散っ！, 阳, 7065, 7817, 6539, 21421, 32.982, 36.492, 30.526, 総演技力の4.7～7.2倍のスコアを獲得, 绿1、红1、蓝3/2, 1.4～3倍のスコアを獲得／80のプリンシパルゲージを獲得, 1蓝光, 50/47, 初期プリンシパルゲージが30上昇
130210, 2022年12月31日23时, Rare3, 本巣叶羽, 先輩の本気, 彩, 7441, 6313, 7666, 21420, 34.739, 29.472, 35.789, 総演技力の4.7～7.2倍のスコアを獲得, 红3/2、黄1、蓝1, 3.6～4.8倍のスコアを獲得, 1红光, 30/27, 基礎スコアが3％上昇
130220, 2023年07月31日16时, Rare3, 萬容, 頼れる先輩, 怜, 7336, 6701, 6066, 20103, 36.492, 33.333, 30.175, 総演技力の4～6倍のスコアを獲得, 绿1、红1、蓝3/2, 1.9～3.5倍のスコアを獲得／ライフを200～320回復, 1蓝光, 50, 无
130230, 2023年08月10日16时, Rare3, 千寿いろは, 最後はBBQ！, 凛, 9044, 9044, 7947, 26035, 34.738, 34.738, 30.524, 総演技力の5～7.5倍のスコアを獲得, 绿1、黄4/3、蓝1, 効果無し（所持している「光」は維持される）, 无, 0, 无
130240, 2023年08月20日16时, Rare3, 流石知冴, 流石の釣り名人, 凛, 6419, 6701, 6983, 20103, 31.931, 33.333, 34.736, 総演技力の4～6倍のスコアを獲得, 绿1、红1、蓝3/2, 1.4～3倍のスコアを獲得／80のプリンシパルゲージを獲得, 1蓝光, 50, 无
130250, 2023年08月31日16时, Rare3, ラモーナ・ウォルフ, 手に入れたいのは……, 彩, 7124, 6348, 6630, 20102, 35.439, 31.579, 32.982, 総演技力の4～6倍のスコアを獲得, 绿3/2、红1、黄1, 1.4～3.4倍のスコアを獲得／90のプリンシパルゲージを獲得, 1绿光, 60, 无
130260, 2023年09月10日16时, Rare3, 猫足蕾, 水晶玉に映る未来, 怜, 7124, 7195, 5784, 20103, 35.437, 35.791, 28.772, 総演技力の4～6倍のスコアを獲得, 绿1、红1、蓝3/2, 1.4～3倍のスコアを獲得／ライフを200～320回復, 1蓝光, 40, 无
130270, 2023年09月20日16时, Rare3, 鳳ここな, 負けられない一戦, 彩, 6207, 7124, 6771, 20102, 30.878, 35.439, 33.683, 総演技力の4～6倍のスコアを獲得, 红1、黄1、蓝3/2, 4.1～5.7倍のスコアを獲得, 1蓝光, 40, 无
130280, 2023年09月30日16时, Rare3, 千寿いろは, お姉ちゃんが心配です, 阳, 8861, 10688, 6668, 26217, 33.799, 40.767, 25.434, 総演技力の5～7.5倍のスコアを獲得, 绿1、红1、蓝4/3, 効果無し（所持している「光」は維持される）, 无, 0, 无
130290, 2023年10月10日16时, Rare3, 阿岐留カミラ, ほら、帰ろ？, 凛, 6207, 6983, 6912, 20102, 30.878, 34.738, 34.385, 総演技力の4～6倍のスコアを獲得, 绿3/2、红1、黄1, 5.2～7.2倍のスコアを獲得, 1绿光, 60, 无
130300, 2023年10月31日16时, Rare3, 柳場ぱんだ, ぱんだ with パンダ！, 怜, 7054, 6630, 6419, 20103, 35.089, 32.980, 31.931, 総演技力の4～6倍のスコアを獲得, 绿1、黄3/2、蓝1, 5.2～7.2倍のスコアを獲得, 1黄光, 60, 无
130310, 2023年10月20日16时, Rare3, 本巣叶羽, 仲間のために, 彩, 6983, 5925, 7195, 20103, 34.736, 29.473, 35.791, 総演技力の4～6倍のスコアを獲得, 红3/2、黄1、蓝1, 1.4～3倍のスコアを獲得／80のプリンシパルゲージを獲得, 1红光, 50, 无
130320, 2023年11月20日16时, Rare3, 与那国緋花里, ん～っ！　デリシャス！, 凛, 7336, 6348, 6419, 20103, 36.492, 31.577, 31.931, 総演技力の4～6倍のスコアを獲得, 绿1、黄3/2、蓝1, 4.1～5.7倍のスコアを獲得, 1黄光, 40, 无
130330, 2023年11月10日16时, Rare3, 新妻八恵, いっしょに遊びませんか？, 阳, 6278, 6489, 7336, 20103, 31.229, 32.279, 36.492, 総演技力の4～6倍のスコアを獲得, 红3/2、黄1、蓝1, 1.9～3.9倍のスコアを獲得／ライフを200～320回復, 1红光, 60, 无
130340, 2023年11月30日16时, Rare3, 連尺野初魅, その目をよく見せてくれ, 彩, 6489, 6489, 7124, 20102, 32.280, 32.280, 35.439, 総演技力の4～6倍のスコアを獲得, 绿3/2、红1、黄1, 1.4～3倍のスコアを獲得／ライフを200～320回復, 1绿光, 40, 无
130350, 2024年01月31日16时, Rare3, カトリナ・グリーベル, ファントムの面影を宿す天才, 阳, 423, 423, 423, 1269, 33.333, 33.333, 33.333, 総演技力の4～6倍のスコアを獲得, 绿1、黄3/2、蓝1, かり, 1黄光, 1, 无
130360, 2023年12月10日16时, Rare3, 白丸美兎, ど、どどど、どうしよう！, 怜, 6912, 6137, 7054, 20103, 34.383, 30.528, 35.089, 総演技力の4～6倍のスコアを獲得, 绿1、黄3/2、蓝1, 5.2～7.2倍のスコアを獲得, 1黄光, 60, 无
130370, 2023年12月20日16时, Rare3, 千寿暦, さあ、どうぞ, 阳, 5995, 8394, 5713, 20102, 29.823, 41.757, 28.420, 総演技力の4～6倍のスコアを獲得, 绿1、红1、蓝3/2, 4.9～6.5倍のスコアを獲得, 1蓝光, 50, 无
130380, 2023年12月31日14时, Rare3, 静香, 開運は実力よね！, 怜, 8445, 7128, 6508, 22081, 38.246, 32.281, 29.473, 総演技力の4～6倍のスコアを獲得, 红1、黄1、蓝2/1, ここな編成時、ここなが代わりにセンスを発動し、ここなのスコア獲得量14～22％UP, 无, 0, 无
130390, 2024年01月10日16时, Rare3, 烏森大黒, しょうがないわね, 凛, 6560, 7618, 5925, 20103, 32.632, 37.895, 29.473, 総演技力の4～6倍のスコアを獲得, 绿1、黄3/2、蓝1, 1.1～2.7倍のスコアを獲得／70のプリンシパルゲージを獲得, 1黄光, 40, 无
130400, 2024年01月20日16时, Rare3, 新妻八恵, 口いっぱいに広がる海の味, 彩, 6489, 6771, 6842, 20102, 32.280, 33.683, 34.036, 総演技力の4～6倍のスコアを獲得, 红3/2、黄1、蓝1, 1.1～2.7倍のスコアを獲得／70のプリンシパルゲージを獲得, 1红光, 40, 无
130420, 2024年02月09日16时, Rare3, 筆島しぐれ, どれにしようかな？, 凛, 423, 423, 423, 1269, 33.333, 33.333, 33.333, 総演技力の4～6倍のスコアを獲得, 红3/2、黄1、蓝1, かり, 1红光, 1, 无
130560, 2024年02月18日16时, Rare3, 本巣叶羽, 転スラコラボ（仮）, 阳, 423, 423, 423, 1269, 33.333, 33.333, 33.333, 総演技力の4～6倍のスコアを獲得, 红3/2、黄1、蓝1, かり, 1红光, 1, 无
140010, 2022年12月31日23时, Rare4, 鳳ここな, 悲哀と恋慕の旋律, 彩, 9066, 9956, 10118, 29140, 31.112, 34.166, 34.722, 総演技力の9.7～14.7倍のスコアを獲得, 绿4/3、红1、黄1、蓝1, 2.2～4.2倍のスコアを獲得／ライフを320～510回復／ライフが多いほどここなのスコア獲得量UP（最大＋100％）, 1绿光, 40/35, 初期ライフが100上昇
140020, 2022年12月31日23时, Rare4, 新妻八恵, 大切で大好きな劇団, 怜, 9794, 9309, 10037, 29140, 33.610, 31.946, 34.444, 総演技力の9.7～14.7倍のスコアを獲得, 绿1、红4/3、黄1、蓝1, 5.1～6.7倍のスコアを獲得, 1红光, 30/25, 基礎スコアが5％上昇
140030, 2022年12月31日23时, Rare4, 柳場ぱんだ, あなたをお待ちしておりました, 阳, 9551, 9794, 9794, 29139, 32.777, 33.611, 33.611, 総演技力の9.7～14.7倍のスコアを獲得, 绿1、红1、黄4/3、蓝1, 2.5～4.9倍のスコアを獲得／ライフを320～510回復, 1黄光, 50/45, 初期プリンシパルゲージが50上昇
140040, 2022年12月31日23时, Rare4, 流石知冴, 君を求めていた, 阳, 9228, 9632, 10280, 29140, 31.668, 33.054, 35.278, 総演技力の9.7～14.7倍のスコアを獲得, 绿1、红1、黄1、蓝4/3, 1.7～3.7倍のスコアを獲得／90のプリンシパルゲージを獲得, 1蓝光, 40/35, 初期プリンシパルゲージが50上昇
140050, 2022年12月31日23时, Rare4, 舎人仁花子, 純真無垢な笑顔, 怜, 9389, 9794, 9956, 29139, 32.221, 33.611, 34.167, 総演技力の9.7～14.7倍のスコアを獲得, 绿1、红4/3、黄1、蓝1, 2.5～4.9倍のスコアを獲得／ライフを320～510回復, 1红光, 50/45, 基礎スコアが5％上昇
140060, 2022年12月31日23时, Rare4, 萬容, 満たされない心, 凛, 10037, 9956, 9147, 29140, 34.444, 34.166, 31.390, 総演技力の9.7～14.7倍のスコアを獲得, 绿1、红1、黄1、蓝4/3, 6～8倍のスコアを獲得, 1蓝光, 40/35, 初期プリンシパルゲージが50上昇
140070, 2022年12月31日23时, Rare4, 筆島しぐれ, 吸血しちゃうぞっ♪, 彩, 9470, 9632, 10037, 29139, 32.499, 33.055, 34.445, 総演技力の9.7～14.7倍のスコアを獲得, 绿1、红4/3、黄1、蓝1, 1.8～4.2倍のスコアを獲得／100のプリンシパルゲージを獲得, 1红光, 50/45, 初期ライフが100上昇
140080, 2022年12月31日23时, Rare4, 千寿暦, 幼き日の情景, 凛, 9066, 10199, 9875, 29140, 31.112, 35.000, 33.888, 総演技力の9.7～14.7倍のスコアを獲得, 绿1、红1、黄1、蓝4/3, 2.2～4.2倍のスコアを獲得／25秒間、銀河座のアクターにセンススコア33～52％UP効果, 1蓝光, 40/35, 基礎スコアが5％上昇
140090, 2022年12月31日23时, Rare4, ラモーナ・ウォルフ, かつての友との別れ, 阳, 9956, 8985, 10199, 29140, 34.166, 30.834, 35.000, 総演技力の9.7～14.7倍のスコアを獲得, 绿4/3、红1、黄1、蓝1, 5.1～6.7倍のスコアを獲得, 1绿光, 30/25, 初期ライフが100上昇
140100, 2022年12月31日23时, Rare4, リリヤ・クルトベイ, オーロラの精霊, 怜, 9309, 9228, 10604, 29141, 31.945, 31.667, 36.389, 総演技力の9.7～14.7倍のスコアを獲得, 绿1、红4/3、黄1、蓝1, 1.8～4.2倍のスコアを獲得／100のプリンシパルゲージを獲得, 1红光, 50/45, 初期プリンシパルゲージが50上昇
140110, 2022年12月31日23时, Rare4, 千寿いろは, 私を見守る大切な蝶, 阳, 13684, 13797, 12899, 40380, 33.888, 34.168, 31.944, 総演技力の11.4～17.4倍のスコアを獲得, 绿1、红1、黄5/4、蓝1, 効果無し（所持している「光」は維持される）, 无, 0, 公演での報酬量が10％上昇
140120, 2022年12月31日23时, Rare4, 白丸美兎, 世界が色づくその瞬間, 彩, 9632, 9551, 9956, 29139, 33.055, 32.777, 34.167, 総演技力の9.7～14.7倍のスコアを獲得, 绿1、红1、黄4/3、蓝1, 2.2～4.2倍のスコアを獲得／25秒間、劇団電姫のアクターにセンススコア33～52％UP効果, 1黄光, 40/35, 基礎スコアが5％上昇
140130, 2022年12月31日23时, Rare4, 本巣叶羽, 月下の神秘, 凛, 9956, 8580, 10604, 29140, 34.166, 29.444, 36.390, 総演技力の9.7～14.7倍のスコアを獲得, 绿1、红4/3、黄1、蓝1, 6.7～9.1倍のスコアを獲得, 1红光, 50/45, 初期ライフが100上昇
140140, 2023年07月29日16时, Rare4, カトリナ・グリーベル, 憧れに思いを馳せて, 阳, 10037, 9713, 9389, 29139, 34.445, 33.333, 32.221, 総演技力の9.7～14.7倍のスコアを獲得, 绿1、红1、黄4/3、蓝1, 2.6～5.4倍のスコアを獲得／シリウスのアクターのCTを9秒短縮, 1黄光, 60/55, 初期プリンシパルゲージが50上昇
140150, 2023年07月31日16时, Rare4, 烏森大黒, 狂気の果ての虚無, 怜, 9956, 10523, 8661, 29140, 34.166, 36.112, 29.722, 総演技力の9.7～14.7倍のスコアを獲得, 绿1、红1、黄4/3、蓝1, 5.1～6.7倍のスコアを獲得, 1黄光, 30/25, 基礎スコアが5％上昇
140160, 2023年07月31日16时, Rare4, 連尺野初魅, 悪意に満ちた観察者, 怜, 9794, 8985, 10361, 29140, 33.610, 30.834, 35.556, 総演技力の9.7～14.7倍のスコアを獲得, 绿4/3、红1、黄1、蓝1, 2.5～4.9倍のスコアを獲得／25秒間、Edenのアクターにセンススコア33～52％UP効果, 1绿光, 50/45, 初期プリンシパルゲージが50上昇
140170, 2023年08月10日16时, Rare4, 猫足蕾, 追想の帰路, 凛, 9794, 10523, 8823, 29140, 33.610, 36.112, 30.278, 総演技力の9.7～14.7倍のスコアを獲得, 绿1、红1、黄1、蓝4/3, 5.1～6.7倍のスコアを獲得, 1蓝光, 30/25, 基礎スコアが5％上昇
140180, 2023年08月10日16时, Rare4, 阿岐留カミラ, 茜海に満たされて, 凛, 9147, 10037, 9956, 29140, 31.390, 34.444, 34.166, 総演技力の9.7～14.7倍のスコアを獲得, 绿4/3、红1、黄1、蓝1, 1.7～3.7倍のスコアを獲得／90のプリンシパルゲージを獲得／センス発動後、追加で30～50のプリンシパルゲージを獲得, 1绿光, 40/35, 初期プリンシパルゲージが50上昇
140190, 2023年08月20日16时, Rare4, 新妻八恵, お口に合いますように♪, 凛, 11170, 7690, 10199, 29059, 38.439, 26.463, 35.098, 総演技力の9.7～14.7倍のスコアを獲得, 绿1、红4/3、黄1、蓝1, 1.9～4.7倍のスコアを獲得／120のプリンシパルゲージを獲得, 1红光, 60/55, 初期ライフが100上昇
140200, 2023年08月20日16时, Rare4, 静香, マジカル☆スイーツ, 凛, 10889, 10130, 9370, 30389, 35.832, 33.334, 30.834, 総演技力の9.7～14.7倍のスコアを獲得, 绿3/2、红1、黄2、蓝1, ここな編成時、ここなが代わりにセンスを発動し、ここなのスコア獲得量22～35％UP, 无, 0, 公演での報酬量が10％上昇
140210, 2023年08月31日16时, Rare4, 王雪, 夜市の王, 彩, 10442, 10199, 8499, 29140, 35.834, 35.000, 29.166, 総演技力の9.7～14.7倍のスコアを獲得, 绿1、红1、黄4/3、蓝1, 6～8倍のスコアを獲得／センス発動後、追加で30～50のプリンシパルゲージを獲得, 1黄光, 40/35, 初期プリンシパルゲージが50上昇
140220, 2023年08月31日16时, Rare4, リリヤ・クルトベイ, 妖艶に誘われて, 彩, 8985, 11575, 8418, 28978, 31.006, 39.944, 29.050, 総演技力の9.7～14.7倍のスコアを獲得, 绿1、红4/3、黄1、蓝1, 5.4～7.4倍のスコアを獲得, 1红光, 35/30, 基礎スコアが5％上昇
140240, 2023年09月10日16时, Rare4, 白丸美兎, 光さす世界に, 怜, 8013, 9066, 12061, 29140, 27.498, 31.112, 41.390, 総演技力の9.7～14.7倍のスコアを獲得, 绿1、红1、黄4/3、蓝1, 2.5～4.9倍のスコアを獲得／ライフを320～510回復, 1黄光, 50/45, 初期ライフが100上昇
140250, 2023年09月10日16时, Rare4, 千寿いろは, 移りゆく世界の中で, 怜, 17274, 10992, 12338, 40604, 42.543, 27.071, 30.386, 総演技力の11.4～17.4倍のスコアを獲得, 绿1、红1、黄1、蓝5/4, 効果無し（所持している「光」は維持される）, 无, 0, 公演での報酬量が10％上昇
140260, 2023年09月20日16时, Rare4, 舎人仁花子, アオハル応援団長, 彩, 9066, 12223, 7932, 29221, 31.026, 41.830, 27.145, 総演技力の9.7～14.7倍のスコアを獲得, 绿1、红4/3、黄1、蓝1, 1.9～4.7倍のスコアを獲得／120のプリンシパルゲージを獲得, 1红光, 60/55, 初期ライフが100上昇
140270, 2023年09月20日16时, Rare4, カトリナ・グリーベル, Pretty Cheer Girl, 彩, 8337, 10037, 10523, 28897, 28.851, 34.734, 36.416, 総演技力の9.7～14.7倍のスコアを獲得, 绿1、红1、黄4/3、蓝1, 6～8倍のスコアを獲得, 1黄光, 40/35, 基礎スコアが5％上昇
140280, 2023年09月30日16时, Rare4, 千寿暦, 月光が映し出す罪と後悔, 阳, 8904, 12061, 8175, 29140, 30.556, 41.390, 28.054, 総演技力の9.7～14.7倍のスコアを獲得, 绿1、红1、黄1、蓝4/3, 1.9～3.9倍のスコアを獲得／銀河座のアクターのCTを8秒短縮, 1蓝光, 35/30, 初期プリンシパルゲージが50上昇
140290, 2023年09月30日16时, Rare4, 連尺野初魅, 甘美なる悪逆へ誘おう, 阳, 7447, 9147, 12870, 29464, 25.275, 31.045, 43.680, 総演技力の9.7～14.7倍のスコアを獲得, 绿4/3、红1、黄1、蓝1, 6～8倍のスコアを獲得, 1绿光, 40/35, 基礎スコアが5％上昇
140300, 2023年10月10日16时, Rare4, 柳場ぱんだ, 綾錦の月影, 凛, 7851, 9875, 11413, 29139, 26.943, 33.889, 39.167, 総演技力の9.7～14.7倍のスコアを獲得, 绿1、红1、黄4/3、蓝1, 5.1～6.7倍のスコアを獲得, 1黄光, 30/25, 基礎スコアが5％上昇
140310, 2023年10月10日16时, Rare4, 与那国緋花里, 妖刀の一薙ぎ, 凛, 10442, 9309, 9389, 29140, 35.834, 31.946, 32.220, 総演技力の9.7～14.7倍のスコアを獲得, 绿1、红1、黄4/3、蓝1, 1.7～3.7倍のスコアを獲得／90のプリンシパルゲージを獲得／センス発動後、追加で30～50のプリンシパルゲージを獲得, 1黄光, 40/35, 初期プリンシパルゲージが50上昇
140320, 2023年10月25日16时, Rare4, 王雪, 南十字を目指して, 怜, 15946, 7851, 6152, 29949, 53.244, 26.215, 20.542, 総演技力の11.4～17.4倍のスコアを獲得, 绿1、红1、黄5/4、蓝1, 11.7～15.7倍のスコアを獲得, 1黄光, 80/75, 基礎スコアが5％上昇
140330, 2023年10月25日16时, Rare4, 千寿暦, コル・スコルピイ, 怜, 6718, 14732, 7851, 29301, 22.928, 50.278, 26.794, 総演技力の11.4～17.4倍のスコアを獲得, 绿1、红1、黄2、蓝4/3, 3.2～6倍のスコアを獲得／35秒間、銀河座のアクターにセンススコア71～114％UP効果, 1蓝光, 65/60, 初期プリンシパルゲージが50上昇
140340, 2023年10月31日16时, Rare4, 鳳ここな, ステキな物語はいかがですか？, 怜, 7690, 9713, 11899, 29302, 26.244, 33.148, 40.608, 総演技力の9.7～14.7倍のスコアを獲得, 红2、黄2、蓝3/2, 6.7～9.1倍のスコアを獲得, 1蓝光, 50/45, 基礎スコアが5％上昇
140350, 2023年10月31日16时, Rare4, 流石知冴, おとぎの国の食事会, 怜, 9794, 11251, 8013, 29058, 33.705, 38.719, 27.576, 総演技力の9.7～14.7倍のスコアを獲得, 绿1、红1、黄1、蓝4/3, 2.5～4.9倍のスコアを獲得／ライフを320～510回復, 1蓝光, 50/45, 初期ライフが100上昇
140360, 2023年10月20日16时, Rare4, 千寿いろは, 真の力を見せる時！, 彩, 11329, 14245, 14470, 40044, 28.291, 35.573, 36.135, 総演技力の11.4～17.4倍のスコアを獲得, 绿5/4、红1、黄1、蓝1, 効果無し（所持している「光」は維持される）, 无, 0, 公演での報酬量が10％上昇
140370, 2023年10月20日16时, Rare4, 猫足蕾, 戦い続ける魔法少女, 彩, 8013, 10766, 10118, 28897, 27.730, 37.256, 35.014, 総演技力の9.7～14.7倍のスコアを獲得, 绿1、红1、黄1、蓝4/3, 1.9～4.7倍のスコアを獲得／120のプリンシパルゲージを獲得, 1蓝光, 60/55, 初期プリンシパルゲージが50上昇
140380, 2023年11月20日16时, Rare4, ラモーナ・ウォルフ, 名探偵の悲哀, 凛, 8175, 9066, 11899, 29140, 28.054, 31.112, 40.834, 総演技力の9.7～14.7倍のスコアを獲得, 绿4/3、红1、黄1、蓝1, 2.5～4.9倍のスコアを獲得／ライフを320～510回復, 1绿光, 50/45, 初期プリンシパルゲージが50上昇
140390, 2023年11月20日16时, Rare4, 王雪, 本当のギムレット, 凛, 12385, 8013, 8823, 29221, 42.384, 27.422, 30.194, 総演技力の9.7～14.7倍のスコアを獲得, 绿1、红1、黄4/3、蓝1, 6～8倍のスコアを獲得, 1黄光, 40/35, 基礎スコアが5％上昇
140400, 2023年11月10日16时, Rare4, 本巣叶羽, 夕暮れ時には甘えてみて, 阳, 7932, 8499, 12951, 29382, 26.996, 28.926, 44.078, 総演技力の9.7～14.7倍のスコアを獲得, 绿1、红4/3、黄1、蓝1, 5.1～6.7倍のスコアを獲得, 1红光, 30/25, 初期ライフが100上昇
140410, 2023年11月10日16时, Rare4, 筆島しぐれ, 巡り合わせの落葉, 阳, 9228, 11089, 8580, 28897, 31.934, 38.374, 29.692, 総演技力の9.7～14.7倍のスコアを獲得, 绿1、红4/3、黄1、蓝1, 6～8倍のスコアを獲得, 1红光, 40/35, 基礎スコアが5％上昇
140420, 2023年11月30日16时, Rare4, 萬容, 囚われてなお渇望するもの, 彩, 10118, 10199, 8823, 29140, 34.722, 35.000, 30.278, 総演技力の9.7～14.7倍のスコアを獲得, 绿1、红1、黄1、蓝4/3, 1.7～3.7倍のスコアを獲得／90のプリンシパルゲージを獲得／センス発動後、追加で30～50のプリンシパルゲージを獲得, 1蓝光, 40/35, 初期プリンシパルゲージが50上昇
140430, 2023年11月30日16时, Rare4, 烏森大黒, 縛めを解いてくれた人と共に, 彩, 9632, 13113, 6880, 29625, 32.513, 44.263, 23.224, 総演技力の9.7～14.7倍のスコアを獲得, 绿1、红1、黄4/3、蓝1, 6.7～9.1倍のスコアを獲得, 1黄光, 50/45, 基礎スコアが5％上昇
140440, 2024年01月31日16时, Rare4, 静香, その手を取り、翼並べて, 阳, 506, 506, 506, 1518, 33.333, 33.333, 33.333, 総演技力の9.7～14.7倍のスコアを獲得, 绿3/2、红1、黄2、蓝1, かり, 无, 0, 公演での報酬量が10％上昇
140450, 2024年01月31日16时, Rare4, 鳳ここな, 片割れを見つけた鳥, 阳, 485, 485, 485, 1455, 33.333, 33.333, 33.333, 総演技力の9.7～14.7倍のスコアを獲得, 绿4/3、红1、黄1、蓝1, かり, 1绿光, 1/-4, 无
140460, 2023年12月10日16时, Rare4, 与那国緋花里, 遠い遠い雪催い, 怜, 10847, 10766, 7447, 29060, 37.326, 37.047, 25.626, 総演技力の9.7～14.7倍のスコアを獲得, 绿1、红1、黄4/3、蓝1, 7.4～10.2倍のスコアを獲得, 1黄光, 60/55, 初期ライフが100上昇
140470, 2023年12月10日16时, Rare4, 阿岐留カミラ, 銀世界に冴ゆる心友, 怜, 9551, 9794, 9794, 29139, 32.777, 33.611, 33.611, 総演技力の9.7～14.7倍のスコアを獲得, 绿4/3、红1、黄1、蓝1, 6～8倍のスコアを獲得, 1绿光, 40/35, 基礎スコアが5％上昇
140480, 2023年12月20日16时, Rare4, リリヤ・クルトベイ, CEOからの特別な……♡, 阳, 8742, 9389, 11008, 29139, 30.001, 32.221, 37.778, 総演技力の9.7～14.7倍のスコアを獲得, 绿1、红4/3、黄1、蓝1, 2.5～4.9倍のスコアを獲得／ライフを320～510回復, 1红光, 50/45, 初期プリンシパルゲージが50上昇
140490, 2023年12月20日16时, Rare4, 王雪, あなたにだけのプレゼント, 阳, 10199, 9875, 9066, 29140, 35.000, 33.888, 31.112, 総演技力の9.7～14.7倍のスコアを獲得, 绿1、红1、黄4/3、蓝1, 1.9～4.7倍のスコアを獲得／120のプリンシパルゲージを獲得, 1黄光, 60/55, 初期プリンシパルゲージが50上昇
140500, 2023年12月31日14时, Rare4, カトリナ・グリーベル, 瑞祥新春の舞, 怜, 12627, 7690, 8985, 29302, 43.093, 26.244, 30.663, 総演技力の9.7～14.7倍のスコアを獲得, 绿1、红1、黄4/3、蓝1, 2.2～4.6倍のスコアを獲得／20秒間、シリウスのアクターにスターアクトスコア18～30％UP効果, 1黄光, 45/40, 基礎スコアが5％上昇
140510, 2023年12月31日14时, Rare4, ラモーナ・ウォルフ, 人里の宴も悪くない, 怜, 12546, 7123, 9794, 29463, 42.582, 24.176, 33.242, 総演技力の9.7～14.7倍のスコアを獲得, 绿4/3、红1、黄1、蓝1, 2.2～4.6倍のスコアを獲得／20秒間、銀河座のアクターにスターアクトスコア18～30％UP効果, 1绿光, 45/40, 基礎スコアが5％上昇
140520, 2024年01月26日16时, Rare4, 本巣叶羽, Electoric Wonderland, 彩, 8094, 6313, 15218, 29625, 27.322, 21.310, 51.369, 総演技力の11.4～17.4倍のスコアを獲得, 绿1、红5/4、黄1、蓝1, 6.1～8.5倍のスコアを獲得／センス発動後、追加で70～110のプリンシパルゲージを獲得, 1红光, 45/40, 基礎スコアが5％上昇
140530, 2024年01月26日16时, Rare4, 千寿いろは, Electoric Tea Party, 凛, 20639, 11217, 8973, 40829, 50.550, 27.473, 21.977, 総演技力の13.1～20.1倍のスコアを獲得, 绿2、红3/2、黄2、蓝2, 効果無し（所持している「光」は維持される）, 无, 0, 公演での報酬量が10％上昇
140540, 2024年01月10日16时, Rare4, 筆島しぐれ, 悩める迷宮での出会い, 凛, 11170, 7609, 10361, 29140, 38.332, 26.112, 35.556, 総演技力の9.7～14.7倍のスコアを獲得, 绿1、红4/3、黄1、蓝1, 2.5～4.9倍のスコアを獲得／ライフを320～510回復, 1红光, 50/45, 基礎スコアが5％上昇
140550, 2024年01月10日16时, Rare4, 舎人仁花子, 導きの燐光, 凛, 7285, 10037, 12061, 29383, 24.793, 34.159, 41.048, 総演技力の9.7～14.7倍のスコアを獲得, 绿1、红4/3、黄1、蓝1, 5.1～6.7倍のスコアを獲得, 1红光, 30/25, 初期プリンシパルゲージが50上昇
140560, 2024年01月20日16时, Rare4, 流石知冴, ナイト・オブ・ビビッド, 彩, 7690, 9956, 11575, 29221, 26.317, 34.071, 39.612, 総演技力の9.7～14.7倍のスコアを獲得, 绿1、红1、黄1、蓝4/3, 7.4～10.2倍のスコアを獲得, 1蓝光, 60/55, 初期プリンシパルゲージが50上昇
140570, 2024年01月20日16时, Rare4, 柳場ぱんだ, マジカルポップウィッチ, 彩, 9794, 12061, 7447, 29302, 33.424, 41.161, 25.415, 総演技力の9.7～14.7倍のスコアを獲得, 绿1、红1、黄4/3、蓝1, 1.7～3.7倍のスコアを獲得／90のプリンシパルゲージを獲得, 1黄光, 40/35, 初期ライフが100上昇
140600, 2024年02月09日16时, Rare4, 連尺野初魅, ひと口で落ちる甘やかな酔い, 凛, 485, 485, 485, 1455, 33.333, 33.333, 33.333, 総演技力の9.7～14.7倍のスコアを獲得, 绿4、红1、黄1、蓝1, 6～8倍のスコアを獲得／ライフが少ないほど初魅のスコア獲得量UP（最大＋100％）, 1绿光, 1/-4, 无
140610, 2024年02月09日16时, Rare4, 萬容, 求め焦がれる危険な味わい, 凛, 485, 485, 485, 1455, 33.333, 33.333, 33.333, 総演技力の9.7～14.7倍のスコアを獲得, 绿1、红1、黄1、蓝4, 6～8倍のスコアを獲得／ライフを-150～-250, 1蓝光, 1/-4, 无
140880, 2024年02月18日16时, Rare4, 阿岐留カミラ, 転スラコラボ（仮）, 阳, 485, 485, 485, 1455, 33.333, 33.333, 33.333, 総演技力の9.7～14.7倍のスコアを獲得, 绿4、红1、黄1、蓝1, かり, 1绿光, 1/-4, 无
140890, 2024年02月18日16时, Rare4, 白丸美兎, 転スラコラボ（仮）, 阳, 485, 485, 485, 1455, 33.333, 33.333, 33.333, 総演技力の9.7～14.7倍のスコアを獲得, 绿1、红1、黄4、蓝1, かり, 1黄光, 1/-4, 无
